{
    "loss": 229.351318359375,
    "accuracy": 0.48201438784599304
}